drug_name_norm	sources	n_sources	chembl_id	max_phase	is_approved	hnscc_indication	has_cancer_indication	cmap_score	n_de_genes	de_genes	n_up_genes	n_down_genes	max_interaction_score	drug_class	drug_class_label
CEDAZURIDINE	ChEMBL|DGIdb|OpenTargets	3	CHEMBL3237547	4	TRUE	TRUE	TRUE	NA	1	CDA	1	0	3.72884275420611	A	A: Approved + HNSCC evidence
CETUXIMAB	ChEMBL|DGIdb|OpenTargets	3	CHEMBL1201577	4	TRUE	TRUE	TRUE	NA	1	EGFR	1	0	0.617274645121957	A	A: Approved + HNSCC evidence
NIVOLUMAB	DGIdb	1	NA	NA	FALSE	TRUE	FALSE	NA	2	EGFR|GM2A	2	0	0.11810814153594	A	A: Approved + HNSCC evidence
PEMBROLIZUMAB	DGIdb	1	NA	NA	FALSE	TRUE	FALSE	NA	2	EGFR|GM2A	2	0	0.0930548993919528	A	A: Approved + HNSCC evidence
AZACITIDINE	ChEMBL|DGIdb|L2S2|OpenTargets	4	CHEMBL1489	4	TRUE	FALSE	TRUE	-0.487937861706096	5	ALDH1A1|CDA|DNMT1|HBB|TAGLN	2	3	1.30509496397214	B	B: Approved other cancer
DISULFIRAM	ChEMBL|DGIdb|L2S2|OpenTargets	4	CHEMBL964	4	TRUE	FALSE	TRUE	-0.12790020341936	4	ALDH1A1|ALDH2|ALDH3A2|CBX1	1	3	0.13489353632787	B	B: Approved other cancer
DECITABINE	ChEMBL|DGIdb|L2S2|OpenTargets	4	CHEMBL1201129	4	TRUE	FALSE	TRUE	-0.414105891534926	2	DNMT1|NR5A1	2	0	0.271894784160862	B	B: Approved other cancer
GEFITINIB	ChEMBL|DGIdb|L2S2|OpenTargets	4	CHEMBL939	4	TRUE	FALSE	TRUE	-0.709719279838835	1	EGFR	1	0	0.0852207532444493	B	B: Approved other cancer
THIOGUANINE	DGIdb|L2S2|OpenTargets	3	CHEMBL727	4	TRUE	FALSE	TRUE	-0.40583016330702	3	GGH|HBB|IMPDH2	1	2	0.790966644831599	B	B: Approved other cancer
BRIGATINIB	ChEMBL|DGIdb|OpenTargets	3	CHEMBL3545311	4	TRUE	FALSE	TRUE	NA	2	EGFR|EML4	2	0	4.00756433381343	B	B: Approved other cancer
CRIZOTINIB	DGIdb|L2S2|OpenTargets	3	CHEMBL601719	4	TRUE	FALSE	TRUE	-0.615486332670067	2	EGFR|EML4	2	0	3.10902622528474	B	B: Approved other cancer
DIGOXIN	DGIdb|L2S2|OpenTargets	3	CHEMBL1751	4	TRUE	FALSE	TRUE	-0.603004411974121	2	ATP1A1|ATP1B1	0	2	0.307081167993444	B	B: Approved other cancer
PHENELZINE	DGIdb|L2S2|OpenTargets	3	CHEMBL1089	4	TRUE	FALSE	TRUE	-0.182810471969576	2	GNA11|MAOA	0	2	0.372884275420611	B	B: Approved other cancer
AFATINIB DIMALEATE	ChEMBL|DGIdb|OpenTargets	3	CHEMBL2105712	4	TRUE	FALSE	TRUE	NA	1	EGFR	1	0	0.0906315947202874	B	B: Approved other cancer
AMIVANTAMAB	ChEMBL|DGIdb|OpenTargets	3	CHEMBL4297774	4	TRUE	FALSE	TRUE	NA	1	EGFR	1	0	0.271894784160862	B	B: Approved other cancer
DACOMITINIB	ChEMBL|L2S2|OpenTargets	3	CHEMBL2105719	4	TRUE	FALSE	TRUE	-0.329205888786881	1	EGFR	1	0	NA	B	B: Approved other cancer
ECULIZUMAB	ChEMBL|DGIdb|OpenTargets	3	CHEMBL1201828	4	TRUE	FALSE	TRUE	NA	1	C5	0	1	1.48306245905925	B	B: Approved other cancer
ENFORTUMAB VEDOTIN	ChEMBL|DGIdb|OpenTargets	3	CHEMBL3301589	4	TRUE	FALSE	TRUE	NA	1	NECTIN4	1	0	34.8025323725903	B	B: Approved other cancer
FORODESINE HYDROCHLORIDE	ChEMBL|DGIdb|OpenTargets	3	CHEMBL550755	4	TRUE	FALSE	TRUE	NA	1	PNP	1	0	34.8025323725903	B	B: Approved other cancer
MOBOCERTINIB	ChEMBL|DGIdb|OpenTargets	3	CHEMBL4650319	4	TRUE	FALSE	TRUE	NA	1	EGFR	1	0	1.08757913664345	B	B: Approved other cancer
MOBOCERTINIB SUCCINATE	ChEMBL|DGIdb|OpenTargets	3	CHEMBL4802239	4	TRUE	FALSE	TRUE	NA	1	EGFR	1	0	0.271894784160862	B	B: Approved other cancer
NECITUMUMAB	ChEMBL|DGIdb|OpenTargets	3	CHEMBL1743047	4	TRUE	FALSE	TRUE	NA	1	EGFR	1	0	0.679736960402155	B	B: Approved other cancer
NERATINIB MALEATE	ChEMBL|DGIdb|OpenTargets	3	CHEMBL3989921	4	TRUE	FALSE	TRUE	NA	1	EGFR	1	0	0.181263189440575	B	B: Approved other cancer
OLMUTINIB	ChEMBL|DGIdb|OpenTargets	3	CHEMBL3786343	4	TRUE	FALSE	TRUE	NA	1	EGFR	1	0	0.271894784160862	B	B: Approved other cancer
OSIMERTINIB	ChEMBL|DGIdb|OpenTargets	3	CHEMBL3353410	4	TRUE	FALSE	TRUE	NA	1	EGFR	1	0	0.155368448091921	B	B: Approved other cancer
OSIMERTINIB MESYLATE	ChEMBL|DGIdb|OpenTargets	3	CHEMBL3545063	4	TRUE	FALSE	TRUE	NA	1	EGFR	1	0	0.271894784160862	B	B: Approved other cancer
PANITUMUMAB	ChEMBL|DGIdb|OpenTargets	3	CHEMBL1201827	4	TRUE	FALSE	TRUE	NA	1	EGFR	1	0	0.17673160970456	B	B: Approved other cancer
PLITIDEPSIN	ChEMBL|DGIdb|OpenTargets	3	CHEMBL451930	4	TRUE	FALSE	TRUE	NA	1	EEF1A2	0	1	26.1018992794428	B	B: Approved other cancer
VANDETANIB	DGIdb|L2S2|OpenTargets	3	CHEMBL24828	4	TRUE	FALSE	TRUE	-0.476574533589558	1	EGFR	1	0	0.1078203454431	B	B: Approved other cancer
LORLATINIB	DGIdb|OpenTargets	2	CHEMBL3286830	4	TRUE	FALSE	TRUE	NA	2	EML4|ENO1	2	0	4.64033764967871	B	B: Approved other cancer
ALECTINIB	DGIdb|OpenTargets	2	CHEMBL1738797	4	TRUE	FALSE	TRUE	NA	1	EML4	1	0	8.58462465190562	B	B: Approved other cancer
ALECTINIB HYDROCHLORIDE	DGIdb|OpenTargets	2	CHEMBL3707320	4	TRUE	FALSE	TRUE	NA	1	EML4	1	0	0.386694804139893	B	B: Approved other cancer
CERITINIB	DGIdb|OpenTargets	2	CHEMBL2403108	4	TRUE	FALSE	TRUE	NA	1	EML4	1	0	2.45664934394755	B	B: Approved other cancer
FORODESINE	DGIdb|OpenTargets	2	CHEMBL218291	4	TRUE	FALSE	TRUE	NA	1	PNP	1	0	8.70063309314759	B	B: Approved other cancer
LAPATINIB DITOSYLATE	ChEMBL|OpenTargets	2	CHEMBL1201179	4	TRUE	FALSE	TRUE	NA	1	EGFR	1	0	NA	B	B: Approved other cancer
MYCOPHENOLATE MOFETIL	DGIdb|OpenTargets	2	CHEMBL1456	4	TRUE	FALSE	TRUE	NA	1	IMPDH2	0	1	1.30509496397214	B	B: Approved other cancer
PHENELZINE SULFATE	DGIdb|OpenTargets	2	CHEMBL1200895	4	TRUE	FALSE	TRUE	NA	1	MAOA	0	1	0.191222705343903	B	B: Approved other cancer
ACETAZOLAMIDE	ChEMBL|DGIdb|L2S2|OpenTargets	4	CHEMBL20	4	TRUE	FALSE	FALSE	-0.456079595395974	3	CA2|CA3|MMP2	1	2	1.86442137710305	C	C: Approved non-oncology
ARGATROBAN	ChEMBL|DGIdb|L2S2|OpenTargets	4	CHEMBL1166	4	TRUE	FALSE	FALSE	-0.328444138955188	1	F2	0	1	1.33855893740732	C	C: Approved non-oncology
BIVALIRUDIN	ChEMBL|DGIdb|L2S2|OpenTargets	4	CHEMBL5314348	4	TRUE	FALSE	FALSE	-0.33413957503312	1	F2	0	1	2.67711787481464	C	C: Approved non-oncology
BRINZOLAMIDE	ChEMBL|DGIdb|L2S2|OpenTargets	4	CHEMBL220491	4	TRUE	FALSE	FALSE	-0.0745658451541272	1	CA2	0	1	1.50587880458324	C	C: Approved non-oncology
METHAZOLAMIDE	ChEMBL|DGIdb|L2S2|OpenTargets	4	CHEMBL19	4	TRUE	FALSE	FALSE	-0.387558628287542	1	CA2	0	1	0.200783840611098	C	C: Approved non-oncology
TOPIRAMATE	ChEMBL|DGIdb|L2S2|OpenTargets	4	CHEMBL220492	4	TRUE	FALSE	FALSE	-0.467827347469401	1	CA2	0	1	0.136898073143931	C	C: Approved non-oncology
METFORMIN	DGIdb|L2S2|OpenTargets	3	CHEMBL1431	4	TRUE	FALSE	FALSE	-0.436310919883868	20	EGFR|NDUFA10|NDUFA13|NDUFA2|NDUFA5|NDUFA8|NDUFA9|NDUFB1|NDUFB10|NDUFB11|NDUFB4|NDUFB7|NDUFB9|NDUFS1|NDUFS2|NDUFS3|NDUFS6|NDUFS7|NDUFV1|NDUFV2	1	19	0.00663158010148444	C	C: Approved non-oncology
BEPRIDIL	DGIdb|L2S2|OpenTargets	3	CHEMBL1008	4	TRUE	FALSE	FALSE	-0.201759450108968	2	ATP1A1|CACNA2D1	0	2	0.580042206209839	C	C: Approved non-oncology
DIGITOXIN	DGIdb|L2S2|OpenTargets	3	CHEMBL254219	4	TRUE	FALSE	FALSE	-0.105311286971825	2	ATP1A1|ATP1B1	0	2	0.5495136690409	C	C: Approved non-oncology
PENTOXIFYLLINE	DGIdb|L2S2|OpenTargets	3	CHEMBL628	4	TRUE	FALSE	FALSE	-0.526530601861825	2	PDE6D|VWF	1	1	0.745768550841222	C	C: Approved non-oncology
VALPROIC ACID	ChEMBL|DGIdb|OpenTargets	3	CHEMBL109	4	TRUE	FALSE	FALSE	NA	2	ALDH5A1|OGDH	0	2	0.915856115068167	C	C: Approved non-oncology
ACETAZOLAMIDE SODIUM	ChEMBL|DGIdb|OpenTargets	3	CHEMBL1200814	4	TRUE	FALSE	FALSE	NA	1	CA2	0	1	0.501959601527746	C	C: Approved non-oncology
ADUCANUMAB	ChEMBL|DGIdb|OpenTargets	3	CHEMBL3039540	4	TRUE	FALSE	FALSE	NA	1	APP	1	0	3.1638665793264	C	C: Approved non-oncology
ANTITHROMBIN ALFA	ChEMBL|DGIdb|OpenTargets	3	CHEMBL1201554	4	TRUE	FALSE	FALSE	NA	1	F2	0	1	0.297457541646071	C	C: Approved non-oncology
BETIBEGLOGENE AUTOTEMCEL	ChEMBL|DGIdb|OpenTargets	3	CHEMBL4594311	4	TRUE	FALSE	FALSE	NA	1	HBB	0	1	1.80013098478916	C	C: Approved non-oncology
CAPLACIZUMAB	ChEMBL|DGIdb|OpenTargets	3	CHEMBL2109624	4	TRUE	FALSE	FALSE	NA	1	VWF	0	1	7.83056978383283	C	C: Approved non-oncology
DABIGATRAN	ChEMBL|DGIdb|L2S2	3	CHEMBL48361	3	TRUE	FALSE	FALSE	-0.0558813548070412	1	F2	0	1	0.594915083292143	C	C: Approved non-oncology
DABIGATRAN ETEXILATE MESYLATE	ChEMBL|DGIdb|OpenTargets	3	CHEMBL1615369	4	TRUE	FALSE	FALSE	NA	1	F2	0	1	1.33855893740732	C	C: Approved non-oncology
DESIRUDIN	ChEMBL|DGIdb|OpenTargets	3	CHEMBL1201662	4	TRUE	FALSE	FALSE	NA	1	F2	0	1	1.33855893740732	C	C: Approved non-oncology
DIPYRIDAMOLE	DGIdb|L2S2|OpenTargets	3	CHEMBL932	4	TRUE	FALSE	FALSE	-0.374219678553792	1	PDE6D	1	0	0.466105344275764	C	C: Approved non-oncology
DIVALPROEX SODIUM	ChEMBL|DGIdb|OpenTargets	3	CHEMBL2105613	4	TRUE	FALSE	FALSE	NA	1	ALDH5A1	0	1	3.72884275420611	C	C: Approved non-oncology
DONANEMAB	ChEMBL|DGIdb|OpenTargets	3	CHEMBL4297245	4	TRUE	FALSE	FALSE	NA	1	APP	1	0	0.790966644831599	C	C: Approved non-oncology
DORZOLAMIDE HYDROCHLORIDE	ChEMBL|DGIdb|OpenTargets	3	CHEMBL1201162	4	TRUE	FALSE	FALSE	NA	1	CA2	0	1	2.00783840611098	C	C: Approved non-oncology
DOXYCYCLINE	ChEMBL|L2S2|OpenTargets	3	CHEMBL1200699	4	TRUE	FALSE	FALSE	-0.217713626074957	1	MMP8	1	0	NA	C	C: Approved non-oncology
DROTRECOGIN ALFA (ACTIVATED)	ChEMBL|DGIdb|OpenTargets	3	CHEMBL2109065	4	TRUE	FALSE	FALSE	NA	1	F5	0	1	0.283716296515682	C	C: Approved non-oncology
FOMEPIZOLE	DGIdb|L2S2|OpenTargets	3	CHEMBL1308	4	TRUE	FALSE	FALSE	-0.383030166137063	1	ADH1B	0	1	13.0509496397214	C	C: Approved non-oncology
GABAPENTIN	DGIdb|L2S2|OpenTargets	3	CHEMBL940	4	TRUE	FALSE	FALSE	-0.312863476354403	1	CACNA2D1	0	1	0.186442137710305	C	C: Approved non-oncology
IPTACOPAN	ChEMBL|DGIdb|OpenTargets	3	CHEMBL4594448	4	TRUE	FALSE	FALSE	NA	1	CFB	0	1	17.4012661862952	C	C: Approved non-oncology
ISOCARBOXAZID	DGIdb|L2S2|OpenTargets	3	CHEMBL1201168	4	TRUE	FALSE	FALSE	-0.0194986517946504	1	MAOA	0	1	1.78474524987643	C	C: Approved non-oncology
LECANEMAB	ChEMBL|DGIdb|OpenTargets	3	CHEMBL3833321	4	TRUE	FALSE	FALSE	NA	1	APP	1	0	1.5819332896632	C	C: Approved non-oncology
MITAPIVAT	ChEMBL|DGIdb|OpenTargets	3	CHEMBL4299940	4	TRUE	FALSE	FALSE	NA	1	PKLR	1	0	34.8025323725903	C	C: Approved non-oncology
MITAPIVAT SULFATE	ChEMBL|DGIdb|OpenTargets	3	CHEMBL4297223	4	TRUE	FALSE	FALSE	NA	1	PKLR	1	0	17.4012661862952	C	C: Approved non-oncology
MOCLOBEMIDE	ChEMBL|DGIdb|OpenTargets	3	CHEMBL86304	4	TRUE	FALSE	FALSE	NA	1	MAOA	0	1	1.60627072488879	C	C: Approved non-oncology
NERATINIB	ChEMBL|DGIdb|L2S2	3	CHEMBL180022	4	TRUE	FALSE	FALSE	-0.470885689152319	1	EGFR	1	0	0.36252637888115	C	C: Approved non-oncology
POZELIMAB	ChEMBL|DGIdb|OpenTargets	3	CHEMBL4298086	4	TRUE	FALSE	FALSE	NA	1	C5	0	1	3.26273740993034	C	C: Approved non-oncology
RAVULIZUMAB	ChEMBL|DGIdb|OpenTargets	3	CHEMBL3989986	4	TRUE	FALSE	FALSE	NA	1	C5	0	1	0.36252637888115	C	C: Approved non-oncology
TRANYLCYPROMINE	DGIdb|L2S2|OpenTargets	3	CHEMBL3989843	4	TRUE	FALSE	FALSE	-0.541858945250259	1	MAOA	0	1	0.764890821375612	C	C: Approved non-oncology
VONICOG ALFA	ChEMBL|DGIdb|OpenTargets	3	CHEMBL2107873	4	TRUE	FALSE	FALSE	NA	1	VWF	0	1	2.61018992794428	C	C: Approved non-oncology
ZILUCOPLAN SODIUM	ChEMBL|DGIdb|OpenTargets	3	CHEMBL5315048	4	TRUE	FALSE	FALSE	NA	1	C5	0	1	3.26273740993034	C	C: Approved non-oncology
METFORMIN HYDROCHLORIDE	DGIdb|OpenTargets	2	CHEMBL1703	4	TRUE	FALSE	FALSE	NA	20	NDUFA10|NDUFA13|NDUFA2|NDUFA4|NDUFA5|NDUFA8|NDUFA9|NDUFB1|NDUFB10|NDUFB11|NDUFB4|NDUFB7|NDUFB9|NDUFS1|NDUFS2|NDUFS3|NDUFS6|NDUFS7|NDUFV1|NDUFV2	0	20	0.310736896183842	C	C: Approved non-oncology
BORTEZOMIB	DGIdb|L2S2	2	NA	NA	TRUE	FALSE	FALSE	-1	17	CTSL|F2|PSMA1|PSMA2|PSMA3|PSMA4|PSMA5|PSMA6|PSMA7|PSMB1|PSMB10|PSMB2|PSMB3|PSMB4|PSMB8|PSMB9|PSMD10	16	1	0.460621751990166	C	C: Approved non-oncology
CARFILZOMIB	DGIdb|L2S2	2	NA	NA	TRUE	FALSE	FALSE	-0.276923858803903	15	PSMA1|PSMA2|PSMA3|PSMA4|PSMA5|PSMA6|PSMA7|PSMB1|PSMB10|PSMB2|PSMB3|PSMB4|PSMB8|PSMB9|PSMD10	15	0	0.543789568321724	C	C: Approved non-oncology
CISPLATIN	DGIdb|L2S2	2	NA	NA	TRUE	FALSE	FALSE	-0.286469392599799	10	ACTL6A|ALDH1A1|APEX1|ASS1|CASP3|CBX1|DNMT1|EGFR|HSPA8|OSGEP	8	2	0.355127881352963	C	C: Approved non-oncology
OCRIPLASMIN	DGIdb|OpenTargets	2	CHEMBL2095222	4	TRUE	FALSE	FALSE	NA	10	COL3A1|COL4A1|COL4A2|COL5A1|COL5A2|LAMA3|LAMA4|LAMB1|LAMB3|LAMC2	10	0	1.37378417260225	C	C: Approved non-oncology
CELECOXIB	DGIdb|L2S2	2	NA	NA	TRUE	FALSE	FALSE	-0.240797169983842	7	ATP2A1|ATP2A2|ATP2A3|CACNA2D1|CASP3|CPT2|MMP9	2	5	0.155832234504136	C	C: Approved non-oncology
COLLAGENASE CLOSTRIDIUM HISTOLYTICUM	DGIdb|OpenTargets	2	CHEMBL2108709	4	TRUE	FALSE	FALSE	NA	6	COL3A1|COL4A1|COL4A2|COL5A1|COL5A2|MMP8	6	0	2.79663206565458	C	C: Approved non-oncology
FLUOROURACIL	DGIdb|L2S2	2	NA	NA	TRUE	FALSE	FALSE	-0.368313167857354	6	APEX1|EGFR|HBB|HSPA5|OSGEP|TPT1	4	2	0.900065492394578	C	C: Approved non-oncology
CLOZAPINE	DGIdb|L2S2	2	NA	NA	TRUE	FALSE	FALSE	-0.443997549050796	5	A2M|ALDH1A1|ALDH2|CBX1|SERPINA3	1	4	0.0116996410934302	C	C: Approved non-oncology
DEXAMETHASONE	DGIdb|L2S2	2	NA	NA	TRUE	FALSE	FALSE	-0.480129387893251	5	HSPA8|KRT19|NR5A1|S100A10|SERPINE1	3	2	0.614162335986889	C	C: Approved non-oncology
LAMIVUDINE	DGIdb|L2S2	2	NA	NA	TRUE	FALSE	FALSE	-0.426564407942221	5	APOA1|CMPK1|NME1|NME2|PCYT1A	3	2	2.1751582732869	C	C: Approved non-oncology
RIBAVIRIN	DGIdb|L2S2	2	NA	NA	TRUE	FALSE	FALSE	-0.299669646898297	5	ALDH1A1|EGFR|HLA-A|KRT18|VWF	2	3	0.686892086301125	C	C: Approved non-oncology
ASPIRIN	DGIdb|L2S2	2	NA	NA	TRUE	FALSE	FALSE	-0.334286417189237	4	AGT|CDH13|CPT2|MYOM2	0	4	0.5865595343695	C	C: Approved non-oncology
DOPAMINE	DGIdb|L2S2	2	NA	NA	TRUE	FALSE	FALSE	-0.30800758282708	4	ALDH1A1|ALDH2|APEX1|CBX1	2	2	0.0391332822780251	C	C: Approved non-oncology
NIFEDIPINE	DGIdb|L2S2	2	NA	NA	TRUE	FALSE	FALSE	-0.265041988920979	4	ALDH1A1|CACNA2D1|CBX1|MMP9	2	2	0.0887819703382407	C	C: Approved non-oncology
PACLITAXEL	DGIdb|L2S2	2	NA	NA	TRUE	FALSE	FALSE	-0.781109204228779	4	ASS1|CASP3|EGFR|MMP2	3	1	0.0249778940473137	C	C: Approved non-oncology
PERPHENAZINE	DGIdb|L2S2	2	NA	NA	TRUE	FALSE	FALSE	-0.142317064390819	4	CBX1|CDH13|SERPINA3|UBE2N	1	3	0.308898216324766	C	C: Approved non-oncology
SIROLIMUS	DGIdb|L2S2	2	NA	NA	TRUE	FALSE	FALSE	-0.677768691634649	4	DCN|EGFR|EML4|FKBP4	3	1	0.600043661596385	C	C: Approved non-oncology
TRETINOIN	DGIdb|L2S2	2	NA	NA	TRUE	FALSE	FALSE	-0.400170296177194	4	AMH|APOA1|BCKDHB|HSPA8	2	2	0.101235549887949	C	C: Approved non-oncology
ATALUREN	DGIdb|OpenTargets	2	CHEMBL256997	4	TRUE	FALSE	FALSE	NA	3	RPL12|RPS11|RPS8	3	0	0.127326337948501	C	C: Approved non-oncology
AZATHIOPRINE	DGIdb|L2S2	2	NA	NA	TRUE	FALSE	FALSE	-0.419118266177257	3	HBB|IMPDH2|SERPINE1	1	2	0.27475683452045	C	C: Approved non-oncology
BROMOCRIPTINE	DGIdb|L2S2	2	NA	NA	TRUE	FALSE	FALSE	-0.301134317454951	3	A2M|ALDH1A1|ALDH2	0	3	0.0366085543891203	C	C: Approved non-oncology
CABERGOLINE	DGIdb|L2S2	2	NA	NA	TRUE	FALSE	FALSE	-0.41642089182235	3	A2M|ALDH1A1|ALDH2	0	3	0.0709290741289205	C	C: Approved non-oncology
EPTIFIBATIDE	DGIdb|L2S2	2	NA	NA	TRUE	FALSE	FALSE	-0.218379557154177	3	FGA|FGB|FGG	0	3	2.61018992794428	C	C: Approved non-oncology
GEMCITABINE	DGIdb|L2S2	2	NA	NA	TRUE	FALSE	FALSE	-0.590554996611388	3	CDA|NIPSNAP2|TNC	2	1	0.162123598008961	C	C: Approved non-oncology
HYDROXYUREA	DGIdb|L2S2	2	NA	NA	TRUE	FALSE	FALSE	-0.401045141155405	3	ASS1|DNMT1|NIPSNAP2	1	2	0.621473792367685	C	C: Approved non-oncology
MAVACAMTEN	DGIdb|OpenTargets	2	CHEMBL4297517	4	TRUE	FALSE	FALSE	NA	3	MYH7|MYL2|MYL3	0	3	1.93347402069946	C	C: Approved non-oncology
METHYSERGIDE	DGIdb|L2S2	2	NA	NA	TRUE	FALSE	FALSE	-0.118337141661234	3	A2M|ALDH1A1|SERPINA3	0	3	0.0482029534246404	C	C: Approved non-oncology
OLANZAPINE	DGIdb|L2S2	2	NA	NA	TRUE	FALSE	FALSE	-0.417445563435298	3	A2M|GSTM3|SERPINA3	0	3	0.457928057534084	C	C: Approved non-oncology
PERGOLIDE	DGIdb|L2S2	2	NA	NA	TRUE	FALSE	FALSE	-0.05202610627013	3	A2M|ALDH1A1|ALDH2	0	3	0.0667567756507488	C	C: Approved non-oncology
PROCHLORPERAZINE	DGIdb|L2S2	2	NA	NA	TRUE	FALSE	FALSE	-0.253473205709127	3	ALDH1A1|ALDH2|CBX1	1	2	0.0405308995022403	C	C: Approved non-oncology
RISPERIDONE	DGIdb|L2S2	2	NA	NA	TRUE	FALSE	FALSE	-0.500355391575891	3	A2M|ALDH1A1|SERPINA3	0	3	0.0136694942547488	C	C: Approved non-oncology
SORAFENIB	DGIdb|L2S2	2	NA	NA	TRUE	FALSE	FALSE	-0.599601753168969	3	CDH13|DPT|EGFR	1	2	0.0698378576038602	C	C: Approved non-oncology
TAMOXIFEN	DGIdb|L2S2	2	NA	NA	TRUE	FALSE	FALSE	-0.281991629918512	3	CBX1|F2|F5	1	2	0.0411864288433022	C	C: Approved non-oncology
TENOFOVIR	DGIdb|L2S2	2	NA	NA	TRUE	FALSE	FALSE	-0.084611851911081	3	AK4|NME1|NME2	2	1	1.86442137710305	C	C: Approved non-oncology
TESTOSTERONE	DGIdb|L2S2	2	NA	NA	TRUE	FALSE	FALSE	-0.234865866858017	3	AMH|APOA1|CAV1	1	2	0.669279468703661	C	C: Approved non-oncology
TIROFIBAN	DGIdb|L2S2	2	NA	NA	TRUE	FALSE	FALSE	-0.291808034383744	3	FGA|FGB|FGG	0	3	2.61018992794428	C	C: Approved non-oncology
TRIMIPRAMINE	DGIdb|L2S2	2	NA	NA	TRUE	FALSE	FALSE	-0.356199787242962	3	CBX1|EPHX1|HLA-A	2	1	0.121687176127938	C	C: Approved non-oncology
VINCRISTINE	DGIdb|L2S2	2	NA	NA	TRUE	FALSE	FALSE	-0.188022217006853	3	CAPG|MTR|VWF	2	1	1.28898268046631	C	C: Approved non-oncology
ACETYLDIGITOXIN	DGIdb|OpenTargets	2	CHEMBL3545057	4	TRUE	FALSE	FALSE	NA	2	ATP1A1|ATP1B1	0	2	1.54677921655957	C	C: Approved non-oncology
AFATINIB	DGIdb|L2S2	2	NA	NA	TRUE	FALSE	FALSE	-0.571276649587275	2	EGFR|EML4	2	0	1.22352652872388	C	C: Approved non-oncology
ALITRETINOIN	DGIdb|L2S2	2	NA	NA	TRUE	FALSE	FALSE	-0.168321762488159	2	CD34|SERPINE1	1	1	0.497179033894148	C	C: Approved non-oncology
ALPROSTADIL	DGIdb|L2S2	2	NA	NA	TRUE	FALSE	FALSE	-0.476107434644392	2	A2M|APOC3	0	2	0.0810617990044806	C	C: Approved non-oncology
BENAZEPRIL	DGIdb|L2S2	2	NA	NA	TRUE	FALSE	FALSE	-0.423376178885945	2	AGT|SPTA1	0	2	17.4012661862952	C	C: Approved non-oncology
CITALOPRAM	DGIdb|L2S2	2	NA	NA	TRUE	FALSE	FALSE	-0.330764722680897	2	REEP5|SERPINE1	1	1	0.745768550841222	C	C: Approved non-oncology
CLIOQUINOL	DGIdb|L2S2	2	NA	NA	TRUE	FALSE	FALSE	-0.247771215454497	2	ALDH1A1|APP	1	1	0.0878851827590666	C	C: Approved non-oncology
CLOMIPRAMINE	DGIdb|L2S2	2	NA	NA	TRUE	FALSE	FALSE	-0.235734714546252	2	EPHX1|HLA-A	1	1	0.105675705584789	C	C: Approved non-oncology
CLOPIDOGREL	DGIdb|L2S2	2	NA	NA	TRUE	FALSE	FALSE	-0.110538136303582	2	CDH13|MYOM2	0	2	1.49153710168244	C	C: Approved non-oncology
COPANLISIB	DGIdb|L2S2	2	NA	NA	TRUE	FALSE	FALSE	-0.260104822104624	2	ETFB|F5	0	2	0.0551837194068557	C	C: Approved non-oncology
DACTINOMYCIN	DGIdb|L2S2	2	NA	NA	TRUE	FALSE	FALSE	-0.0172132940753986	2	APEX1|MTR	2	0	0.372884275420611	C	C: Approved non-oncology
DESIPRAMINE	DGIdb|L2S2	2	NA	NA	TRUE	FALSE	FALSE	-0.0622390072025501	2	EPHX1|HLA-A	1	1	0.102966072108255	C	C: Approved non-oncology
DESLANOSIDE	DGIdb|OpenTargets	2	CHEMBL1614	4	TRUE	FALSE	FALSE	NA	2	ATP1A1|ATP1B1	0	2	1.39210129490361	C	C: Approved non-oncology
ERLOTINIB HYDROCHLORIDE	ChEMBL|DGIdb	2	CHEMBL1079742	4	TRUE	FALSE	FALSE	NA	2	EGFR|PTPRF	2	0	17.4012661862952	C	C: Approved non-oncology
FENOLDOPAM	DGIdb|L2S2	2	NA	NA	TRUE	FALSE	FALSE	-0.309015249162267	2	ALDH2|CBX1	1	1	0.0810617990044806	C	C: Approved non-oncology
FLUDARABINE	DGIdb|L2S2	2	NA	NA	TRUE	FALSE	FALSE	-0.636453714857091	2	MPO|NIPSNAP2	1	1	0.383851459991805	C	C: Approved non-oncology
FUROSEMIDE	DGIdb|L2S2	2	NA	NA	TRUE	FALSE	FALSE	-0.281080306659014	2	ADD1|APOA1	0	2	2.1751582732869	C	C: Approved non-oncology
HEXACHLOROPHENE	DGIdb|L2S2	2	NA	NA	TRUE	FALSE	FALSE	-0.188374138871421	2	HSPA8|SUMO1	2	0	0.0795789612178133	C	C: Approved non-oncology
HYDRALAZINE	DGIdb|L2S2	2	NA	NA	TRUE	FALSE	FALSE	-0.0359349514092585	2	AOC3|MMP9	1	1	1.30509496397214	C	C: Approved non-oncology
HYDROCHLOROTHIAZIDE	DGIdb|L2S2	2	NA	NA	TRUE	FALSE	FALSE	-0.0206824311768446	2	AGT|SERPINE1	1	1	0.126096131784748	C	C: Approved non-oncology
HYDROXYCHLOROQUINE	DGIdb|L2S2	2	NA	NA	TRUE	FALSE	FALSE	-0.24505305506622	2	APP|MTR	2	0	0.725052757762299	C	C: Approved non-oncology
IDARUBICIN	DGIdb|L2S2	2	NA	NA	TRUE	FALSE	FALSE	-0.30178999879473	2	APEX1|CBX1	2	0	0.00578499540767792	C	C: Approved non-oncology
IFOSFAMIDE	DGIdb|L2S2	2	NA	NA	TRUE	FALSE	FALSE	-0.146771477616209	2	ALDH1A1|DNMT1	1	1	0.165726344631383	C	C: Approved non-oncology
IMATINIB	DGIdb|L2S2	2	NA	NA	TRUE	FALSE	FALSE	-0.604083405102601	2	ATIC|EGFR	2	0	0.29002110310492	C	C: Approved non-oncology
LAPATINIB	DGIdb|L2S2	2	NA	NA	TRUE	FALSE	FALSE	-0.590151450669703	2	EGFR|HLA-A	2	0	0.271894784160862	C	C: Approved non-oncology
LIDOCAINE	DGIdb|L2S2	2	NA	NA	TRUE	FALSE	FALSE	-0.198829290167523	2	EGFR|MPO	2	0	0.204720778662296	C	C: Approved non-oncology
LOXAPINE	DGIdb|L2S2	2	NA	NA	TRUE	FALSE	FALSE	-0.142771772039279	2	ALDH1A1|ALDH2	0	2	0.0872973220048253	C	C: Approved non-oncology
MASOPROCOL	DGIdb|L2S2	2	NA	NA	TRUE	FALSE	FALSE	-0.258848246414594	2	ALDH1A1|CBX1	1	1	0.00590808041635192	C	C: Approved non-oncology
MERCAPTOPURINE	DGIdb|L2S2	2	NA	NA	TRUE	FALSE	FALSE	-0.157357830119681	2	ALDH1A1|HBB	0	2	0.0400029107730924	C	C: Approved non-oncology
METHOTREXATE	DGIdb|L2S2	2	NA	NA	TRUE	FALSE	FALSE	-0.0542009588221439	2	APEX1|ATIC	2	0	0.189831994759584	C	C: Approved non-oncology
MIFEPRISTONE	DGIdb|L2S2	2	NA	NA	TRUE	FALSE	FALSE	-0.403600352158826	2	CBX1|PYGM	1	1	1.86442137710305	C	C: Approved non-oncology
MITOMYCIN	DGIdb|L2S2	2	NA	NA	TRUE	FALSE	FALSE	-0.0469590457518176	2	KRT18|VWF	0	2	1.08757913664345	C	C: Approved non-oncology
MITOXANTRONE	DGIdb|L2S2	2	NA	NA	TRUE	FALSE	FALSE	-0.431097700696291	2	CBX1|DNMT1	2	0	0.0527311096554399	C	C: Approved non-oncology
NIMODIPINE	DGIdb|L2S2	2	NA	NA	TRUE	FALSE	FALSE	-0.485043244440505	2	ATP1B1|SERPINE1	1	1	0.161621667364971	C	C: Approved non-oncology
ORLISTAT	DGIdb|L2S2	2	NA	NA	TRUE	FALSE	FALSE	-0.41478976470576	2	CRIP1|SERPINE1	1	1	0.669279468703661	C	C: Approved non-oncology
PANOBINOSTAT	DGIdb|L2S2	2	NA	NA	TRUE	FALSE	FALSE	-0.190938565767025	2	ACTL6A|SIRT5	1	1	0.407842176241293	C	C: Approved non-oncology
PHENOXYBENZAMINE	DGIdb|L2S2	2	NA	NA	TRUE	FALSE	FALSE	-0.189949480981184	2	ALDH1A1|CBX1	1	1	0.0252436163244127	C	C: Approved non-oncology
PIMOZIDE	DGIdb|L2S2	2	NA	NA	TRUE	FALSE	FALSE	-0.401812062366205	2	ALDH1A1|CBX1	1	1	0.00816705234025118	C	C: Approved non-oncology
PROGESTERONE	DGIdb|L2S2	2	NA	NA	TRUE	FALSE	FALSE	-0.481895712428493	2	ALDH1A1|NME2	1	1	0.353924058026343	C	C: Approved non-oncology
RABEPRAZOLE	DGIdb|L2S2	2	NA	NA	TRUE	FALSE	FALSE	-0.3040407543621	2	ALDH1A1|CBX1	1	1	0.0106799915218669	C	C: Approved non-oncology
RESERPINE	DGIdb|L2S2	2	NA	NA	TRUE	FALSE	FALSE	-0.344239218742674	2	CBX1|CDH13	1	1	0.154449108162383	C	C: Approved non-oncology
ROFECOXIB	DGIdb|L2S2	2	NA	NA	TRUE	FALSE	FALSE	-0.138189895365805	2	ALDH1A1|CPT2	0	2	0.123413235363796	C	C: Approved non-oncology
ROTIGOTINE	DGIdb|L2S2	2	NA	NA	TRUE	FALSE	FALSE	-0.300455150868374	2	ALDH1A1|ALDH2	0	2	0.113486518606273	C	C: Approved non-oncology
SELUMETINIB	DGIdb|L2S2	2	NA	NA	TRUE	FALSE	FALSE	-0.558291650926944	2	EML4|GNA11	1	1	1.74012661862952	C	C: Approved non-oncology
SULFAMETHOXAZOLE	DGIdb|L2S2	2	NA	NA	TRUE	FALSE	FALSE	-0.0397017910772586	2	CBX1|MPO	2	0	0.248589516947074	C	C: Approved non-oncology
SUMATRIPTAN	DGIdb|L2S2	2	NA	NA	TRUE	FALSE	FALSE	-0.300252651617765	2	A2M|SERPINA3	0	2	0.0398198310899203	C	C: Approved non-oncology
THIORIDAZINE	DGIdb|L2S2	2	NA	NA	TRUE	FALSE	FALSE	-0.630460872314373	2	CBX1|SERPINA3	1	1	0.0315812453471782	C	C: Approved non-oncology
TRIFLUOPERAZINE	DGIdb|L2S2	2	NA	NA	TRUE	FALSE	FALSE	-0.55951317147023	2	ALDH2|CBX1	1	1	0.0378288395354243	C	C: Approved non-oncology
VOXELOTOR	DGIdb|OpenTargets	2	CHEMBL4101807	4	TRUE	FALSE	FALSE	NA	2	HBA1|HBB	0	2	4.35031654657379	C	C: Approved non-oncology
ZIDOVUDINE	DGIdb|L2S2	2	NA	NA	TRUE	FALSE	FALSE	-0.323001651554222	2	NME1|NME2	2	0	0.773389608279786	C	C: Approved non-oncology
ZIPRASIDONE	DGIdb|L2S2	2	NA	NA	TRUE	FALSE	FALSE	-0.412654988130147	2	A2M|SERPINA3	0	2	0.0295437456473602	C	C: Approved non-oncology
ALCLOMETASONE	DGIdb|L2S2	2	NA	NA	TRUE	FALSE	FALSE	-0.0305419649426639	1	SERPINA6	0	1	3.26273740993034	C	C: Approved non-oncology
ALMOTRIPTAN	DGIdb|L2S2	2	NA	NA	TRUE	FALSE	FALSE	-0.0056117415058884	1	A2M	0	1	0.157240357105077	C	C: Approved non-oncology
ALPELISIB	DGIdb|L2S2	2	NA	NA	TRUE	FALSE	FALSE	-0.394275725303598	1	F5	0	1	0.0157620164730935	C	C: Approved non-oncology
ALPRAZOLAM	DGIdb|L2S2	2	NA	NA	TRUE	FALSE	FALSE	-0.039652251450691	1	BRD3	1	0	0.139582349087929	C	C: Approved non-oncology
AMBRISENTAN	DGIdb|L2S2	2	NA	NA	TRUE	FALSE	FALSE	-0.350778773189102	1	ALDH1B1	0	1	0.372884275420611	C	C: Approved non-oncology
APREMILAST	DGIdb|L2S2	2	NA	NA	TRUE	FALSE	FALSE	-0.193408402006377	1	COL12A1	1	0	0.23728999344948	C	C: Approved non-oncology
ARTESUNATE	DGIdb|L2S2	2	NA	NA	TRUE	FALSE	FALSE	-0.22664898998909	1	ATP2A1	0	1	0.870063309314759	C	C: Approved non-oncology
ASENAPINE	DGIdb|L2S2	2	NA	NA	TRUE	FALSE	FALSE	-0.235967777380714	1	A2M	0	1	0.0251584571368123	C	C: Approved non-oncology
ATENOLOL	DGIdb|L2S2	2	NA	NA	TRUE	FALSE	FALSE	-0.0775856604523256	1	SLC4A1	0	1	1.4501055155246	C	C: Approved non-oncology
AXITINIB	DGIdb|L2S2	2	NA	NA	TRUE	FALSE	FALSE	-0.570305659048572	1	FABP5	1	0	0.497179033894148	C	C: Approved non-oncology
BARICITINIB	DGIdb|L2S2	2	NA	NA	TRUE	FALSE	FALSE	-0.468967839074606	1	ENO3	0	1	2.3728999344948	C	C: Approved non-oncology
BENZTHIAZIDE	DGIdb|L2S2	2	NA	NA	TRUE	FALSE	FALSE	-0.412673201073086	1	CA2	0	1	0.501959601527746	C	C: Approved non-oncology
BRIMONIDINE	DGIdb|L2S2	2	NA	NA	TRUE	FALSE	FALSE	-0.116646101846056	1	ALDH1A1	0	1	0.00979801024003107	C	C: Approved non-oncology
BUMETANIDE	DGIdb|L2S2	2	NA	NA	TRUE	FALSE	FALSE	-0.330713409069837	1	ADD1	0	1	1.4501055155246	C	C: Approved non-oncology
BUPIVACAINE	DGIdb|L2S2	2	NA	NA	TRUE	FALSE	FALSE	-0.361825240861566	1	HSPA8	1	0	0.383851459991805	C	C: Approved non-oncology
BUSPIRONE	DGIdb|L2S2	2	NA	NA	TRUE	FALSE	FALSE	-0.234489686400816	1	ALDH1A1	0	1	0.0167965889829104	C	C: Approved non-oncology
CAPECITABINE	DGIdb|L2S2	2	NA	NA	TRUE	FALSE	FALSE	-0.310762320816453	1	SIRPA	1	0	2.04720778662296	C	C: Approved non-oncology
CAPSAICIN	DGIdb|L2S2	2	NA	NA	TRUE	FALSE	FALSE	-0.176283928018406	1	ALDH1A1	0	1	0.00691624252237487	C	C: Approved non-oncology
CAPTOPRIL	DGIdb|L2S2	2	NA	NA	TRUE	FALSE	FALSE	-0.16828837024702	1	SERPINE1	1	0	0.23621628307188	C	C: Approved non-oncology
CARBAMAZEPINE	DGIdb|L2S2	2	NA	NA	TRUE	FALSE	FALSE	-0.38714192563647	1	HLA-A	1	0	0.038049415859246	C	C: Approved non-oncology
CARIPRAZINE	DGIdb|L2S2	2	NA	NA	TRUE	FALSE	FALSE	-0.141071967902389	1	ALDH1A1	0	1	0.0235152245760746	C	C: Approved non-oncology
CARISOPRODOL	DGIdb|L2S2	2	NA	NA	TRUE	FALSE	FALSE	-0.190657798135221	1	CBX1	1	0	0.13883988978427	C	C: Approved non-oncology
CARMUSTINE	DGIdb|L2S2	2	NA	NA	TRUE	FALSE	FALSE	-0.0785663899049686	1	ALDH1A1	0	1	0.0106887384436702	C	C: Approved non-oncology
CARPROFEN	DGIdb|L2S2	2	NA	NA	TRUE	FALSE	FALSE	-0.394226530757789	1	CPT2	0	1	0.55535955913708	C	C: Approved non-oncology
CEFDINIR	DGIdb|L2S2	2	NA	NA	TRUE	FALSE	FALSE	-0.16306350852959	1	SUMO1	1	0	0.686892086301125	C	C: Approved non-oncology
CHLOROQUINE	DGIdb|L2S2	2	NA	NA	TRUE	FALSE	FALSE	-0.407115055457625	1	ASS1	0	1	0.116526336068941	C	C: Approved non-oncology
CICLESONIDE	DGIdb|L2S2	2	NA	NA	TRUE	FALSE	FALSE	-0.219376357642525	1	SERPINA6	0	1	3.26273740993034	C	C: Approved non-oncology
CILOSTAZOL	DGIdb|L2S2	2	NA	NA	TRUE	FALSE	FALSE	-0.380877028739252	1	ALDH1A1	0	1	0.0083982944914552	C	C: Approved non-oncology
CLOFARABINE	DGIdb|L2S2	2	NA	NA	TRUE	FALSE	FALSE	-0.319492951016143	1	NIPSNAP2	0	1	0.686892086301125	C	C: Approved non-oncology
CLOFAZIMINE	DGIdb|L2S2	2	NA	NA	TRUE	FALSE	FALSE	-0.240083595139693	1	CBX1	1	0	0.055535955913708	C	C: Approved non-oncology
CLOTRIMAZOLE	DGIdb|L2S2	2	NA	NA	TRUE	FALSE	FALSE	-0.21246390449678	1	CBX1	1	0	0.00750485890725784	C	C: Approved non-oncology
CROVALIMAB	ChEMBL|DGIdb	2	CHEMBL4594316	4	TRUE	FALSE	FALSE	NA	1	C5	0	1	3.26273740993034	C	C: Approved non-oncology
CYCLOBENZAPRINE	DGIdb|L2S2	2	NA	NA	TRUE	FALSE	FALSE	-0.302599430253667	1	APEX1	1	0	0.0291478495582834	C	C: Approved non-oncology
CYTARABINE	DGIdb|L2S2	2	NA	NA	TRUE	FALSE	FALSE	-0.317763882466468	1	CDA	1	0	0.372884275420611	C	C: Approved non-oncology
DABRAFENIB	DGIdb|L2S2	2	NA	NA	TRUE	FALSE	FALSE	-0.414116619263244	1	EML4	1	0	0.0859321786977539	C	C: Approved non-oncology
DACOMITINIB ANHYDROUS	ChEMBL|DGIdb	2	CHEMBL2110732	4	TRUE	FALSE	FALSE	NA	1	EGFR	1	0	0.589105365681868	C	C: Approved non-oncology
DAPSONE	DGIdb|L2S2	2	NA	NA	TRUE	FALSE	FALSE	-0.400393576834797	1	HLA-A	1	0	0.338985704927828	C	C: Approved non-oncology
DICHLORPHENAMIDE	ChEMBL|DGIdb	2	CHEMBL17	4	TRUE	FALSE	FALSE	NA	1	CA2	0	1	0.803135362444393	C	C: Approved non-oncology
DORZOLAMIDE	DGIdb|L2S2	2	NA	NA	TRUE	FALSE	FALSE	-0.178457383339581	1	CA2	0	1	1.20470304366659	C	C: Approved non-oncology
DOXYCYCLINE CALCIUM	ChEMBL|DGIdb	2	CHEMBL2364574	4	TRUE	FALSE	FALSE	NA	1	MMP8	1	0	1.86442137710305	C	C: Approved non-oncology
DOXYCYCLINE HYCLATE	ChEMBL|OpenTargets	2	CHEMBL3989740	4	TRUE	FALSE	FALSE	NA	1	MMP8	1	0	NA	C	C: Approved non-oncology
EDARAVONE	DGIdb|L2S2	2	NA	NA	TRUE	FALSE	FALSE	-0.174032053596772	1	ALDH1A1	0	1	0.0235152245760746	C	C: Approved non-oncology
EFLORNITHINE	DGIdb|L2S2	2	NA	NA	TRUE	FALSE	FALSE	-0.16573899535965	1	NR5A1	1	0	0.593224983623699	C	C: Approved non-oncology
ELTROMBOPAG	DGIdb|L2S2	2	NA	NA	TRUE	FALSE	FALSE	-0.0056117415058884	1	F5	0	1	0.141858148257841	C	C: Approved non-oncology
EMBELIN	DGIdb|L2S2	2	NA	NA	TRUE	FALSE	FALSE	-0.045449515112046	1	ALDH1A1	0	1	0.00783840819202485	C	C: Approved non-oncology
ENFLURANE	DGIdb|L2S2	2	NA	NA	TRUE	FALSE	FALSE	-0.0292479776919756	1	ATP5F1D	0	1	0.673597400759813	C	C: Approved non-oncology
EPHEDRINE	DGIdb|L2S2	2	NA	NA	TRUE	FALSE	FALSE	-0.0139360991431116	1	ALDH1A1	0	1	0.00691624252237487	C	C: Approved non-oncology
EPINEPHRINE	DGIdb|L2S2	2	NA	NA	TRUE	FALSE	FALSE	-0.176303668885798	1	APEX1	1	0	0.00655826615061376	C	C: Approved non-oncology
EPIRUBICIN	DGIdb|L2S2	2	NA	NA	TRUE	FALSE	FALSE	-0.424591126204773	1	SERPINE1	1	0	0.0853003244426234	C	C: Approved non-oncology
EPLERENONE	DGIdb|L2S2	2	NA	NA	TRUE	FALSE	FALSE	-0.166221500456655	1	ATP1A1	0	1	3.48025323725903	C	C: Approved non-oncology
EPROSARTAN	DGIdb|L2S2	2	NA	NA	TRUE	FALSE	FALSE	-0.0463665963330653	1	ACADM	0	1	0.841996750949767	C	C: Approved non-oncology
ERLOTINIB	DGIdb|L2S2	2	NA	NA	TRUE	FALSE	FALSE	-0.657941753273653	1	EGFR	1	0	0.568065888336087	C	C: Approved non-oncology
ETODOLAC	DGIdb|L2S2	2	NA	NA	TRUE	FALSE	FALSE	-0.180438278870387	1	CPT2	0	1	0.27767977956854	C	C: Approved non-oncology
EVEROLIMUS	DGIdb|L2S2	2	NA	NA	TRUE	FALSE	FALSE	-0.525642204122242	1	ETFB	0	1	0.0357071125573772	C	C: Approved non-oncology
FELODIPINE	DGIdb|L2S2	2	NA	NA	TRUE	FALSE	FALSE	-0.226017406975261	1	CACNA2D1	0	1	0.292458255231852	C	C: Approved non-oncology
FLOXURIDINE	DGIdb|L2S2	2	NA	NA	TRUE	FALSE	FALSE	-0.401599591511914	1	DNMT1	1	0	0.165726344631383	C	C: Approved non-oncology
FLURBIPROFEN	DGIdb|L2S2	2	NA	NA	TRUE	FALSE	FALSE	-0.130014645996667	1	CPT2	0	1	0.13883988978427	C	C: Approved non-oncology
FLUTAMIDE	DGIdb|L2S2	2	NA	NA	TRUE	FALSE	FALSE	-0.413699781990137	1	MPO	1	0	0.174012661862952	C	C: Approved non-oncology
FULVESTRANT	DGIdb|L2S2	2	NA	NA	TRUE	FALSE	FALSE	-0.588193979474979	1	EML4	1	0	0.0928067529935743	C	C: Approved non-oncology
GABAPENTIN ENACARBIL	DGIdb|OpenTargets	2	CHEMBL1628502	4	TRUE	FALSE	FALSE	NA	1	CACNA2D1	0	1	0.184140382923759	C	C: Approved non-oncology
IBRUTINIB	DGIdb|L2S2	2	NA	NA	TRUE	FALSE	FALSE	-0.424797267466848	1	EGFR	1	0	0.0159938108329919	C	C: Approved non-oncology
IBUTILIDE	DGIdb|L2S2	2	NA	NA	TRUE	FALSE	FALSE	-0.233104735467189	1	CACNA2D1	0	1	0.710255762705926	C	C: Approved non-oncology
IDELALISIB	DGIdb|L2S2	2	NA	NA	TRUE	FALSE	FALSE	-0.523245867540167	1	F5	0	1	0.0630480658923738	C	C: Approved non-oncology
ILOPERIDONE	DGIdb|L2S2	2	NA	NA	TRUE	FALSE	FALSE	-0.0624346661184252	1	SERPINA3	0	1	0.043612195955627	C	C: Approved non-oncology
ILOPROST	DGIdb|L2S2	2	NA	NA	TRUE	FALSE	FALSE	-0.229206577606459	1	APOC3	0	1	0.155368448091921	C	C: Approved non-oncology
INDAPAMIDE	DGIdb|L2S2	2	NA	NA	TRUE	FALSE	FALSE	-0.196137612024237	1	APEX1	1	0	0.0524661292049101	C	C: Approved non-oncology
IRBESARTAN	DGIdb|L2S2	2	NA	NA	TRUE	FALSE	FALSE	-0.349285586766427	1	ACADM	0	1	0.210499187737442	C	C: Approved non-oncology
ISOTRETINOIN	DGIdb|L2S2	2	NA	NA	TRUE	FALSE	FALSE	-0.0540848622021324	1	CA3	0	1	1.63136870496517	C	C: Approved non-oncology
ISRADIPINE	DGIdb|L2S2	2	NA	NA	TRUE	FALSE	FALSE	-0.544285890684214	1	CACNA2D1	0	1	0.414315861578457	C	C: Approved non-oncology
KETOCONAZOLE	DGIdb|L2S2	2	NA	NA	TRUE	FALSE	FALSE	-0.232845268575505	1	CBX1	1	0	0.0126218081622064	C	C: Approved non-oncology
KETOPROFEN	DGIdb|L2S2	2	NA	NA	TRUE	FALSE	FALSE	-0.243098716640969	1	CPT2	0	1	0.158674159753451	C	C: Approved non-oncology
LAZERTINIB	ChEMBL|DGIdb	2	CHEMBL4558324	4	TRUE	FALSE	FALSE	NA	1	EGFR	1	0	0.108757913664345	C	C: Approved non-oncology
LENVATINIB	DGIdb|L2S2	2	NA	NA	TRUE	FALSE	FALSE	-0.339318438886541	1	EGFR	1	0	0.0143102517979401	C	C: Approved non-oncology
LEPIRUDIN	ChEMBL|OpenTargets	2	CHEMBL1201666	4	TRUE	FALSE	FALSE	NA	1	F2	0	1	NA	C	C: Approved non-oncology
LETROZOLE	DGIdb|L2S2	2	NA	NA	TRUE	FALSE	FALSE	-0.566167609831628	1	MMP2	1	0	0.152642685844695	C	C: Approved non-oncology
LEVETIRACETAM	DGIdb|L2S2	2	NA	NA	TRUE	FALSE	FALSE	-0.383836505408191	1	HLA-A	1	0	0.532691822029444	C	C: Approved non-oncology
LEVOTHYROXINE	DGIdb|L2S2	2	NA	NA	TRUE	FALSE	FALSE	-0.49296183307954	1	SERPINE1	1	0	0.191925729995903	C	C: Approved non-oncology
LIOTHYRONINE	DGIdb|L2S2	2	NA	NA	TRUE	FALSE	FALSE	-0.0676554929290709	1	NR5A1	1	0	0.1977416612079	C	C: Approved non-oncology
LOMUSTINE	DGIdb|L2S2	2	NA	NA	TRUE	FALSE	FALSE	-0.1357359764091	1	EGFR	1	0	0.0679736960402155	C	C: Approved non-oncology
LORATADINE	DGIdb|L2S2	2	NA	NA	TRUE	FALSE	FALSE	-0.236810641759131	1	MPO	1	0	0.183171223013633	C	C: Approved non-oncology
MACITENTAN	DGIdb|L2S2	2	NA	NA	TRUE	FALSE	FALSE	-0.369666571165387	1	ALDH1B1	0	1	0.466105344275764	C	C: Approved non-oncology
MAFENIDE	DGIdb|L2S2	2	NA	NA	TRUE	FALSE	FALSE	-0.182291971426961	1	CA2	0	1	0.501959601527746	C	C: Approved non-oncology
MELOXICAM	DGIdb|L2S2	2	NA	NA	TRUE	FALSE	FALSE	-0.20620616124056	1	CPT2	0	1	0.13883988978427	C	C: Approved non-oncology
MESORIDAZINE	DGIdb|L2S2	2	NA	NA	TRUE	FALSE	FALSE	-0.0875347322274937	1	ALDH1A1	0	1	0.0117576122880373	C	C: Approved non-oncology
MESTRANOL	DGIdb|L2S2	2	NA	NA	TRUE	FALSE	FALSE	-0.30324482139496	1	AGT	0	1	0.644491340233155	C	C: Approved non-oncology
METHOXYFLURANE	DGIdb|L2S2	2	NA	NA	TRUE	FALSE	FALSE	-0.120083914081609	1	ATP5F1D	0	1	0.949159973797919	C	C: Approved non-oncology
METHYLPREDNISOLONE	DGIdb|L2S2	2	NA	NA	TRUE	FALSE	FALSE	-0.439322847426348	1	SERPINE1	1	0	0.170600648885247	C	C: Approved non-oncology
METOPROLOL	DGIdb|L2S2	2	NA	NA	TRUE	FALSE	FALSE	-0.256566148765821	1	SLC4A1	0	1	4.01567681222196	C	C: Approved non-oncology
METRONIDAZOLE	DGIdb|L2S2	2	NA	NA	TRUE	FALSE	FALSE	-0.192837251179511	1	ALDH1A1	0	1	0.0293940307200932	C	C: Approved non-oncology
MINAPRINE	ChEMBL|DGIdb	2	CHEMBL278819	4	TRUE	FALSE	FALSE	NA	1	MAOA	0	1	0.148728770823036	C	C: Approved non-oncology
MINAPRINE HYDROCHLORIDE	ChEMBL|DGIdb	2	CHEMBL1364551	4	TRUE	FALSE	FALSE	NA	1	MAOA	0	1	0.148728770823036	C	C: Approved non-oncology
MYCOPHENOLATE SODIUM	DGIdb|OpenTargets	2	CHEMBL2106643	4	TRUE	FALSE	FALSE	NA	1	IMPDH2	0	1	2.61018992794428	C	C: Approved non-oncology
NALTREXONE	DGIdb|L2S2	2	NA	NA	TRUE	FALSE	FALSE	-0.115229900798869	1	ALDH2	0	1	0.133513551301498	C	C: Approved non-oncology
NICARDIPINE	DGIdb|L2S2	2	NA	NA	TRUE	FALSE	FALSE	-0.18956949629866	1	CBX1	1	0	0.0173549862230338	C	C: Approved non-oncology
NORGESTIMATE	DGIdb|L2S2	2	NA	NA	TRUE	FALSE	FALSE	-0.103792577186903	1	ATP2A2	0	1	0.453946074425091	C	C: Approved non-oncology
NORGESTREL	DGIdb|L2S2	2	NA	NA	TRUE	FALSE	FALSE	-0.3839106599738	1	HSPA5	1	0	0.543789568321724	C	C: Approved non-oncology
NORTRIPTYLINE	DGIdb|L2S2	2	NA	NA	TRUE	FALSE	FALSE	-0.110153207876001	1	EPHX1	0	1	0.125489900381936	C	C: Approved non-oncology
OMEPRAZOLE	DGIdb|L2S2	2	NA	NA	TRUE	FALSE	FALSE	-0.412779857533561	1	CBX1	1	0	0.00750485890725784	C	C: Approved non-oncology
OXAPROZIN	DGIdb|L2S2	2	NA	NA	TRUE	FALSE	FALSE	-0.193778407167817	1	CPT2	0	1	0.185119853045693	C	C: Approved non-oncology
OXYBENZONE	DGIdb|L2S2	2	NA	NA	TRUE	FALSE	FALSE	-0.255338081451766	1	ALDH1A1	0	1	0.0293940307200932	C	C: Approved non-oncology
OXYMETHOLONE	DGIdb|L2S2	2	NA	NA	TRUE	FALSE	FALSE	-0.069983215010754	1	ALDH1A1	0	1	0.0130640136533747	C	C: Approved non-oncology
PAMIDRONATE	DGIdb|L2S2	2	NA	NA	TRUE	FALSE	FALSE	-0.188003456531231	1	MMP2	1	0	0.249778940473137	C	C: Approved non-oncology
PARGYLINE	L2S2|OpenTargets	2	CHEMBL673	4	TRUE	FALSE	FALSE	-0.452255437821826	1	MAOA	0	1	NA	C	C: Approved non-oncology
PAZOPANIB	DGIdb|L2S2	2	NA	NA	TRUE	FALSE	FALSE	-0.435895785692918	1	DPT	0	1	0.0166519293648758	C	C: Approved non-oncology
PERHEXILINE	DGIdb|OpenTargets	2	CHEMBL75880	4	TRUE	FALSE	FALSE	NA	1	CPT2	0	1	0.317348319506903	C	C: Approved non-oncology
PERHEXILINE MALEATE	ChEMBL|DGIdb	2	CHEMBL1334033	4	TRUE	FALSE	FALSE	NA	1	CPT2	0	1	0.100974465297651	C	C: Approved non-oncology
PHENYLBUTAZONE	DGIdb|L2S2	2	NA	NA	TRUE	FALSE	FALSE	-0.318729262416	1	CPT2	0	1	0.0793370798767257	C	C: Approved non-oncology
PHENYLEPHRINE	DGIdb|L2S2	2	NA	NA	TRUE	FALSE	FALSE	-0.25017268385006	1	VWF	0	1	0.326273740993035	C	C: Approved non-oncology
PONATINIB	DGIdb|L2S2	2	NA	NA	TRUE	FALSE	FALSE	-0.374278355810304	1	EML4	1	0	0.0892372624938214	C	C: Approved non-oncology
PRAMIPEXOLE	DGIdb|L2S2	2	NA	NA	TRUE	FALSE	FALSE	-0.309744571224904	1	ALDH1A1	0	1	0.0235152245760746	C	C: Approved non-oncology
PREDNISOLONE	DGIdb|L2S2	2	NA	NA	TRUE	FALSE	FALSE	-0.0761404608565511	1	CD34	0	1	0.372884275420611	C	C: Approved non-oncology
PREDNISONE	DGIdb|L2S2	2	NA	NA	TRUE	FALSE	FALSE	-0.315565513646275	1	VWF	0	1	0.116008441241968	C	C: Approved non-oncology
PREGABALIN	DGIdb|OpenTargets	2	CHEMBL1059	4	TRUE	FALSE	FALSE	NA	1	CACNA2D1	0	1	0.191222705343903	C	C: Approved non-oncology
PRIMAQUINE	DGIdb|L2S2	2	NA	NA	TRUE	FALSE	FALSE	-0.16445290859925	1	CYB5R1	0	1	0.949159973797919	C	C: Approved non-oncology
PROFENAMINE	DGIdb|L2S2	2	NA	NA	TRUE	FALSE	FALSE	-0.109428426616043	1	CBX1	1	0	0.069419944892135	C	C: Approved non-oncology
PROMAZINE	DGIdb|L2S2	2	NA	NA	TRUE	FALSE	FALSE	-0.174244199111195	1	ALDH1A1	0	1	0.00618821699370383	C	C: Approved non-oncology
PROPOFOL	DGIdb|L2S2	2	NA	NA	TRUE	FALSE	FALSE	-0.0698035978238044	1	APP	1	0	0.0510301061181677	C	C: Approved non-oncology
PROPYLTHIOURACIL	DGIdb|L2S2	2	NA	NA	TRUE	FALSE	FALSE	-0.185051769934456	1	MPO	1	0	0.174012661862952	C	C: Approved non-oncology
PROXIBARBAL	ChEMBL|DGIdb	2	CHEMBL2105233	4	TRUE	FALSE	FALSE	NA	1	MAOA	0	1	0.669279468703661	C	C: Approved non-oncology
PYRAZINAMIDE	DGIdb|L2S2	2	NA	NA	TRUE	FALSE	FALSE	-0.357757160021938	1	MPO	1	0	0.267711787481464	C	C: Approved non-oncology
QUINAPRIL	DGIdb|L2S2	2	NA	NA	TRUE	FALSE	FALSE	-0.3209306581004	1	AGT	0	1	3.86694804139893	C	C: Approved non-oncology
RAMELTEON	DGIdb|L2S2	2	NA	NA	TRUE	FALSE	FALSE	-0.221696540337653	1	ANK2	0	1	0.352728368641118	C	C: Approved non-oncology
RAMIPRIL	DGIdb|L2S2	2	NA	NA	TRUE	FALSE	FALSE	-0.220483014157859	1	MMP2	1	0	0.457928057534084	C	C: Approved non-oncology
REGORAFENIB	DGIdb|L2S2	2	NA	NA	TRUE	FALSE	FALSE	-0.443313099180795	1	EGFR	1	0	0.00823923588366249	C	C: Approved non-oncology
RILUZOLE	DGIdb|L2S2	2	NA	NA	TRUE	FALSE	FALSE	-0.499103959708997	1	ARG1	1	0	0.108082398672641	C	C: Approved non-oncology
RIMEXOLONE	DGIdb|L2S2	2	NA	NA	TRUE	FALSE	FALSE	-0.285219756472795	1	SERPINA6	0	1	1.30509496397214	C	C: Approved non-oncology
RITONAVIR	DGIdb|L2S2	2	NA	NA	TRUE	FALSE	FALSE	-0.333215781056566	1	APOC3	0	1	0.207157930789228	C	C: Approved non-oncology
RIVAROXABAN	DGIdb|L2S2	2	NA	NA	TRUE	FALSE	FALSE	-0.356311857785191	1	F5	0	1	0.126096131784748	C	C: Approved non-oncology
ROPINIROLE	DGIdb|L2S2	2	NA	NA	TRUE	FALSE	FALSE	-0.231330198496863	1	ALDH1A1	0	1	0.0195960204800621	C	C: Approved non-oncology
RUFINAMIDE	DGIdb|L2S2	2	NA	NA	TRUE	FALSE	FALSE	-0.352653610956662	1	CBX1	1	0	0.0231399816307117	C	C: Approved non-oncology
SAFINAMIDE	DGIdb|L2S2	2	NA	NA	TRUE	FALSE	FALSE	-0.307622438956272	1	CACNA2D1	0	1	0.165726344631383	C	C: Approved non-oncology
SELEGILINE	DGIdb|L2S2	2	NA	NA	TRUE	FALSE	FALSE	-0.370631910014405	1	MAOA	0	1	0.267711787481464	C	C: Approved non-oncology
SILDENAFIL	DGIdb|L2S2	2	NA	NA	TRUE	FALSE	FALSE	-0.390115341013513	1	ARG1	1	0	0.451980939903771	C	C: Approved non-oncology
SIMVASTATIN	DGIdb|L2S2	2	NA	NA	TRUE	FALSE	FALSE	-0.450551450942782	1	MMP2	1	0	0.05495136690409	C	C: Approved non-oncology
SPIRONOLACTONE	DGIdb|L2S2	2	NA	NA	TRUE	FALSE	FALSE	-0.31776443611925	1	ADD1	0	1	1.63136870496517	C	C: Approved non-oncology
SULFASALAZINE	DGIdb|L2S2	2	NA	NA	TRUE	FALSE	FALSE	-0.253017745756648	1	MTR	1	0	0.543789568321724	C	C: Approved non-oncology
SULFINPYRAZONE	DGIdb|L2S2	2	NA	NA	TRUE	FALSE	FALSE	-0.0538143600105671	1	ALDH1A1	0	1	0.0083982944914552	C	C: Approved non-oncology
SULINDAC	DGIdb|L2S2	2	NA	NA	TRUE	FALSE	FALSE	-0.111530468563936	1	CPT2	0	1	0.0528913865844838	C	C: Approved non-oncology
SULOCTIDIL	DGIdb|OpenTargets	2	CHEMBL404849	4	TRUE	FALSE	FALSE	NA	1	CACNA2D1	0	1	0.0956113526719515	C	C: Approved non-oncology
SUNITINIB	DGIdb|L2S2	2	NA	NA	TRUE	FALSE	FALSE	-0.389594068909825	1	DPT	0	1	0.01977416612079	C	C: Approved non-oncology
SUPROFEN	DGIdb|L2S2	2	NA	NA	TRUE	FALSE	FALSE	-0.479906000262368	1	CPT2	0	1	0.27767977956854	C	C: Approved non-oncology
TECHNETIUM TC 99M SUCCIMER	ChEMBL|DGIdb	2	CHEMBL1200797	4	TRUE	FALSE	FALSE	NA	1	A2M	0	1	0.628961428420308	C	C: Approved non-oncology
TELMISARTAN	DGIdb|L2S2	2	NA	NA	TRUE	FALSE	FALSE	-0.163671925268848	1	ACADM	0	1	0.153090318354503	C	C: Approved non-oncology
TEMSIROLIMUS	DGIdb|L2S2	2	NA	NA	TRUE	FALSE	FALSE	-0.383975339326697	1	ETFB	0	1	0.0809361217967217	C	C: Approved non-oncology
TERBINAFINE	DGIdb|L2S2	2	NA	NA	TRUE	FALSE	FALSE	-0.279701803116586	1	HLA-A	1	0	1.24294758473537	C	C: Approved non-oncology
TETRABENAZINE	DGIdb|L2S2	2	NA	NA	TRUE	FALSE	FALSE	-0.338443649949824	1	CDH13	0	1	0.803135362444393	C	C: Approved non-oncology
THALIDOMIDE	DGIdb|L2S2	2	NA	NA	TRUE	FALSE	FALSE	-0.56222634968342	1	VWF	0	1	0.141091347456447	C	C: Approved non-oncology
THEOPHYLLINE	DGIdb|L2S2	2	NA	NA	TRUE	FALSE	FALSE	-0.281126811657256	1	MPO	1	0	0.128898268046631	C	C: Approved non-oncology
THIOTEPA	DGIdb|L2S2	2	NA	NA	TRUE	FALSE	FALSE	-0.0296071565008754	1	ALDH1A1	0	1	0.0235152245760746	C	C: Approved non-oncology
TICAGRELOR	DGIdb|L2S2	2	NA	NA	TRUE	FALSE	FALSE	-0.241915512049847	1	APEX1	1	0	0.0291478495582834	C	C: Approved non-oncology
TICLOPIDINE	DGIdb|L2S2	2	NA	NA	TRUE	FALSE	FALSE	-0.272167290164162	1	HLA-A	1	0	0.430251087023782	C	C: Approved non-oncology
TOFACITINIB	DGIdb|L2S2	2	NA	NA	TRUE	FALSE	FALSE	-0.297444474553548	1	CTSS	1	0	0.745768550841222	C	C: Approved non-oncology
TOLMETIN	DGIdb|L2S2	2	NA	NA	TRUE	FALSE	FALSE	-0.154016335331707	1	MPO	1	0	1.16008441241968	C	C: Approved non-oncology
TOLOXATONE	ChEMBL|DGIdb	2	CHEMBL18116	4	TRUE	FALSE	FALSE	NA	1	MAOA	0	1	1.33855893740732	C	C: Approved non-oncology
TREPROSTINIL	DGIdb|L2S2	2	NA	NA	TRUE	FALSE	FALSE	-0.0056117415058884	1	APOC3	0	1	0.207157930789228	C	C: Approved non-oncology
TRIAMCINOLONE	DGIdb|L2S2	2	NA	NA	TRUE	FALSE	FALSE	-0.534167266406495	1	SERPINA6	0	1	0.283716296515682	C	C: Approved non-oncology
TRICHLORMETHIAZIDE	DGIdb|L2S2	2	NA	NA	TRUE	FALSE	FALSE	-0.0407197251765586	1	CA2	0	1	0.669279468703661	C	C: Approved non-oncology
TROPICAMIDE	DGIdb|L2S2	2	NA	NA	TRUE	FALSE	FALSE	-0.0935362566934703	1	ARG1	1	0	0.225990469951885	C	C: Approved non-oncology
URSODIOL	DGIdb|L2S2	2	NA	NA	TRUE	FALSE	FALSE	-0.110534834567737	1	AKR1C2	0	1	3.26273740993034	C	C: Approved non-oncology
VALDECOXIB	DGIdb|L2S2	2	NA	NA	TRUE	FALSE	FALSE	-0.255518341401047	1	CPT2	0	1	0.370239706091387	C	C: Approved non-oncology
VALPROATE SODIUM	ChEMBL|OpenTargets	2	CHEMBL433	4	TRUE	FALSE	FALSE	NA	1	ALDH5A1	0	1	NA	C	C: Approved non-oncology
VALSARTAN	DGIdb|L2S2	2	NA	NA	TRUE	FALSE	FALSE	-0.356640434487488	1	ACADM	0	1	0.561331167299844	C	C: Approved non-oncology
VINBLASTINE	DGIdb|L2S2	2	NA	NA	TRUE	FALSE	FALSE	-0.104825687409187	1	MMP2	1	0	0.0808108336824853	C	C: Approved non-oncology
VON WILLEBRAND FACTOR HUMAN	ChEMBL|OpenTargets	2	CHEMBL4298126	4	TRUE	FALSE	FALSE	NA	1	VWF	0	1	NA	C	C: Approved non-oncology
VORINOSTAT	DGIdb|L2S2	2	NA	NA	TRUE	FALSE	FALSE	-0.657167247131789	1	GNA11	0	1	0.0932210688551527	C	C: Approved non-oncology
WARFARIN	DGIdb|L2S2	2	NA	NA	TRUE	FALSE	FALSE	-0.43140644221571	1	VWF	0	1	0.15819332896632	C	C: Approved non-oncology
XIMELAGATRAN	ChEMBL|DGIdb	2	CHEMBL522038	4	TRUE	FALSE	FALSE	NA	1	F2	0	1	2.00783840611098	C	C: Approved non-oncology
ZILEUTON	DGIdb|L2S2	2	NA	NA	TRUE	FALSE	FALSE	-0.361850964941999	1	MMP2	1	0	0.305285371689389	C	C: Approved non-oncology
ZOLMITRIPTAN	DGIdb|L2S2	2	NA	NA	TRUE	FALSE	FALSE	-0.0584116661637466	1	A2M	0	1	0.0628961428420308	C	C: Approved non-oncology
ZONISAMIDE	DGIdb|L2S2	2	NA	NA	TRUE	FALSE	FALSE	-0.17318779053665	1	HLA-A	1	0	0.149153710168244	C	C: Approved non-oncology
MARIMASTAT	ChEMBL|DGIdb|OpenTargets	3	CHEMBL279785	3	FALSE	FALSE	TRUE	NA	3	DCN|MMP2|MMP9	2	1	0.497179033894148	D	D: Not approved / Experimental
ANDECALIXIMAB	ChEMBL|DGIdb|OpenTargets	3	CHEMBL3833374	3	FALSE	FALSE	TRUE	NA	1	MMP9	1	0	4.17630388471084	D	D: Not approved / Experimental
BAPINEUZUMAB	ChEMBL|DGIdb|OpenTargets	3	CHEMBL2108576	3	FALSE	FALSE	FALSE	NA	1	APP	1	0	2.3728999344948	D	D: Not approved / Experimental
BELORANIB	ChEMBL|DGIdb|OpenTargets	3	CHEMBL4297504	3	FALSE	FALSE	FALSE	NA	1	METAP2	1	0	9.78821222979104	D	D: Not approved / Experimental
CRENEZUMAB	ChEMBL|DGIdb|OpenTargets	3	CHEMBL1743004	3	FALSE	FALSE	FALSE	NA	1	APP	1	0	1.5819332896632	D	D: Not approved / Experimental
FORIGERIMOD ACETATE	ChEMBL|DGIdb|OpenTargets	3	CHEMBL3989801	3	FALSE	FALSE	FALSE	NA	1	HSPA8	1	0	3.26273740993034	D	D: Not approved / Experimental
GANTENERUMAB	ChEMBL|DGIdb|OpenTargets	3	CHEMBL1743025	3	FALSE	FALSE	FALSE	NA	1	APP	1	0	2.3728999344948	D	D: Not approved / Experimental
NOMACOPAN	ChEMBL|DGIdb|OpenTargets	3	CHEMBL4297928	3	FALSE	FALSE	FALSE	NA	1	C5	0	1	1.08757913664345	D	D: Not approved / Experimental
PEXELIZUMAB	ChEMBL|DGIdb|OpenTargets	3	CHEMBL2107979	3	FALSE	FALSE	FALSE	NA	1	C5	0	1	3.26273740993034	D	D: Not approved / Experimental
SOLANEZUMAB	ChEMBL|DGIdb|OpenTargets	3	CHEMBL1743072	3	FALSE	FALSE	FALSE	NA	1	APP	1	0	2.3728999344948	D	D: Not approved / Experimental
TRAMIPROSATE	ChEMBL|DGIdb|OpenTargets	3	CHEMBL149082	3	FALSE	FALSE	FALSE	NA	1	APP	1	0	2.3728999344948	D	D: Not approved / Experimental
VALILTRAMIPROSATE	ChEMBL|DGIdb|OpenTargets	3	CHEMBL4650301	3	FALSE	FALSE	FALSE	NA	1	APP	1	0	1.5819332896632	D	D: Not approved / Experimental
VERDIPERSTAT	ChEMBL|DGIdb|OpenTargets	3	CHEMBL4297594	3	FALSE	FALSE	FALSE	NA	1	MPO	1	0	1.74012661862952	D	D: Not approved / Experimental
VILOBELIMAB	ChEMBL|DGIdb|OpenTargets	3	CHEMBL2109636	3	FALSE	FALSE	FALSE	NA	1	C5	0	1	3.26273740993034	D	D: Not approved / Experimental
ZILUCOPLAN	ChEMBL|DGIdb|OpenTargets	3	CHEMBL4298207	3	FALSE	FALSE	FALSE	NA	1	C5	0	1	0.36252637888115	D	D: Not approved / Experimental
MARIZOMIB	DGIdb|OpenTargets	2	CHEMBL371405	3	FALSE	FALSE	TRUE	NA	14	PSMA1|PSMA2|PSMA3|PSMA4|PSMA5|PSMA6|PSMA7|PSMB1|PSMB10|PSMB2|PSMB3|PSMB4|PSMB8|PSMB9	14	0	0.355127881352963	D	D: Not approved / Experimental
OPROZOMIB	DGIdb|OpenTargets	2	CHEMBL2103884	2	FALSE	FALSE	TRUE	NA	14	PSMA1|PSMA2|PSMA3|PSMA4|PSMA5|PSMA6|PSMA7|PSMB1|PSMB10|PSMB2|PSMB3|PSMB4|PSMB8|PSMB9	14	0	0.326273740993035	D	D: Not approved / Experimental
ALFIMEPRASE	DGIdb|OpenTargets	2	CHEMBL2108893	3	FALSE	FALSE	FALSE	NA	3	FGA|FGB|FGG	0	3	4.35031654657379	D	D: Not approved / Experimental
ANCROD	DGIdb|OpenTargets	2	CHEMBL2108481	3	FALSE	FALSE	FALSE	NA	3	FGA|FGB|FGG	0	3	1.63136870496517	D	D: Not approved / Experimental
CTS-1027	DGIdb|OpenTargets	2	CHEMBL440498	2	FALSE	FALSE	FALSE	NA	3	MMP2|MMP8|MMP9	3	0	1.06538364405889	D	D: Not approved / Experimental
DANICAMTIV	DGIdb|OpenTargets	2	CHEMBL4594304	2	FALSE	FALSE	FALSE	NA	3	MYH7|MYL2|MYL3	0	3	2.48589516947074	D	D: Not approved / Experimental
EMRICASAN	DGIdb|OpenTargets	2	CHEMBL197672	2	FALSE	FALSE	FALSE	NA	3	CASP3|CASP6|CASP7	3	0	0.23621628307188	D	D: Not approved / Experimental
FIBRINOGEN, HUMAN	DGIdb|OpenTargets	2	CHEMBL2109072	3	FALSE	FALSE	FALSE	NA	3	FGA|FGB|FGG	0	3	2.1751582732869	D	D: Not approved / Experimental
ISTAROXIME	DGIdb|OpenTargets	2	CHEMBL2093999	2	FALSE	FALSE	FALSE	NA	3	ATP1A1|ATP1B1|ATP2A2	0	3	0.773389608279786	D	D: Not approved / Experimental
MIPSAGARGIN	DGIdb|OpenTargets	2	CHEMBL3989865	2	FALSE	FALSE	TRUE	NA	3	ATP2A1|ATP2A2|ATP2A3	0	3	1.30509496397214	D	D: Not approved / Experimental
MT-3724	DGIdb|OpenTargets	2	CHEMBL4297789	2	FALSE	FALSE	TRUE	NA	3	RPL12|RPS11|RPS8	3	0	0.128898268046631	D	D: Not approved / Experimental
OMECAMTIV MECARBIL	DGIdb|OpenTargets	2	CHEMBL1800955	3	FALSE	FALSE	FALSE	NA	3	MYH7|MYL2|MYL3	0	3	2.1751582732869	D	D: Not approved / Experimental
PLASMINOGEN	DGIdb|OpenTargets	2	CHEMBL2108131	3	FALSE	FALSE	FALSE	NA	3	FGA|FGB|FGG	0	3	2.1751582732869	D	D: Not approved / Experimental
REBIMASTAT	DGIdb|OpenTargets	2	CHEMBL76222	2	FALSE	FALSE	TRUE	NA	3	MMP2|MMP8|MMP9	3	0	1.24294758473537	D	D: Not approved / Experimental
TOSEDOSTAT	DGIdb|OpenTargets	2	CHEMBL2103847	2	FALSE	FALSE	TRUE	NA	3	LAP3|METAP2|XPNPEP3	3	0	2.61018992794428	D	D: Not approved / Experimental
APABETALONE	DGIdb|OpenTargets	2	CHEMBL2393130	3	FALSE	FALSE	FALSE	NA	2	APOA1|BRD3	1	1	0.677971409855656	D	D: Not approved / Experimental
DEFIBROTIDE	ChEMBL|DGIdb	2	CHEMBL2108396	3	FALSE	FALSE	FALSE	NA	2	F2|SERPINE1	1	1	1.02360389331148	D	D: Not approved / Experimental
EFAPROXIRAL	DGIdb|OpenTargets	2	CHEMBL18901	3	FALSE	FALSE	TRUE	NA	2	HBA1|HBB	0	2	8.70063309314759	D	D: Not approved / Experimental
LANATOSIDE C	DGIdb|OpenTargets	2	CHEMBL506569	2	FALSE	FALSE	FALSE	NA	2	ATP1A1|ATP1B1	0	2	0.232016882483936	D	D: Not approved / Experimental
LEVOSIMENDAN	DGIdb|OpenTargets	2	CHEMBL2051955	3	FALSE	FALSE	FALSE	NA	2	TNC|TNNI3	1	1	1.86442137710305	D	D: Not approved / Experimental
RELDESEMTIV	DGIdb|OpenTargets	2	CHEMBL4297600	3	FALSE	FALSE	FALSE	NA	2	TNNC2|TNNI2	0	2	11.6008441241968	D	D: Not approved / Experimental
SULTHIAME	DGIdb|OpenTargets	2	CHEMBL328560	3	FALSE	FALSE	FALSE	NA	2	CA2|CA3	0	2	1.08757913664345	D	D: Not approved / Experimental
TIRASEMTIV	DGIdb|OpenTargets	2	CHEMBL3039529	3	FALSE	FALSE	FALSE	NA	2	TNNC2|TNNI2	0	2	17.4012661862952	D	D: Not approved / Experimental
81C6 131I	DGIdb|OpenTargets	2	CHEMBL2109582	2	FALSE	FALSE	TRUE	NA	1	TNC	1	0	6.52547481986069	D	D: Not approved / Experimental
A27.15	DGIdb|OpenTargets	2	CHEMBL2109494	1	FALSE	FALSE	TRUE	NA	1	TFRC	1	0	17.4012661862952	D	D: Not approved / Experimental
ABIVERTINIB	ChEMBL|DGIdb	2	CHEMBL4297865	3	FALSE	FALSE	FALSE	NA	1	EGFR	1	0	0.0453157973601437	D	D: Not approved / Experimental
ABIVERTINIB MALEATE	ChEMBL|DGIdb	2	CHEMBL4297866	3	FALSE	FALSE	FALSE	NA	1	EGFR	1	0	0.135947392080431	D	D: Not approved / Experimental
ALEPLASININ	DGIdb|OpenTargets	2	CHEMBL325424	2	FALSE	FALSE	FALSE	NA	1	SERPINE1	1	0	3.07081167993444	D	D: Not approved / Experimental
APX-3330	DGIdb|OpenTargets	2	CHEMBL578390	2	FALSE	FALSE	TRUE	NA	1	APEX1	1	0	0.524661292049101	D	D: Not approved / Experimental
ATINUMAB	DGIdb|OpenTargets	2	CHEMBL1742987	2	FALSE	FALSE	FALSE	NA	1	RTN4	0	1	10.4407597117771	D	D: Not approved / Experimental
AUMOLERTINIB	ChEMBL|DGIdb	2	CHEMBL4761468	3	FALSE	FALSE	FALSE	NA	1	EGFR	1	0	0.135947392080431	D	D: Not approved / Experimental
AZD-1236	DGIdb|OpenTargets	2	CHEMBL4297352	2	FALSE	FALSE	FALSE	NA	1	MMP9	1	0	1.04407597117771	D	D: Not approved / Experimental
BIRABRESIB	DGIdb|OpenTargets	2	CHEMBL3581647	2	FALSE	FALSE	TRUE	NA	1	BRD3	1	0	0.29661249181185	D	D: Not approved / Experimental
CANERTINIB DIHYDROCHLORIDE	ChEMBL|DGIdb	2	CHEMBL545315	3	FALSE	FALSE	FALSE	NA	1	EGFR	1	0	0.108757913664345	D	D: Not approved / Experimental
CUSTIRSEN	DGIdb|OpenTargets	2	CHEMBL2108309	3	FALSE	FALSE	TRUE	NA	1	CLU	0	1	17.4012661862952	D	D: Not approved / Experimental
CUSTIRSEN SODIUM	DGIdb|OpenTargets	2	CHEMBL2219773	3	FALSE	FALSE	TRUE	NA	1	CLU	0	1	8.70063309314759	D	D: Not approved / Experimental
DAVANAT	DGIdb|OpenTargets	2	CHEMBL4297960	2	FALSE	FALSE	TRUE	NA	1	LGALS1	0	1	26.1018992794428	D	D: Not approved / Experimental
DEPATUXIZUMAB MAFODOTIN	ChEMBL|DGIdb	2	CHEMBL3707277	3	FALSE	FALSE	FALSE	NA	1	EGFR	1	0	0.815684352482586	D	D: Not approved / Experimental
DEZAMIZUMAB	DGIdb|OpenTargets	2	CHEMBL4297966	2	FALSE	FALSE	FALSE	NA	1	APCS	0	1	6.52547481986069	D	D: Not approved / Experimental
E2.3	DGIdb|OpenTargets	2	CHEMBL2109495	1	FALSE	FALSE	TRUE	NA	1	TFRC	1	0	8.70063309314759	D	D: Not approved / Experimental
EGAPTIVON PEGOL	DGIdb|OpenTargets	2	CHEMBL2108339	2	FALSE	FALSE	FALSE	NA	1	VWF	0	1	5.22037985588855	D	D: Not approved / Experimental
ETAVOPIVAT	DGIdb|OpenTargets	2	CHEMBL4650332	2	FALSE	FALSE	FALSE	NA	1	PKLR	1	0	8.70063309314759	D	D: Not approved / Experimental
EZOBRESIB	DGIdb|OpenTargets	2	CHEMBL4297458	2	FALSE	FALSE	TRUE	NA	1	BRD3	1	0	0.593224983623699	D	D: Not approved / Experimental
F16IL2	DGIdb|OpenTargets	2	CHEMBL2109583	2	FALSE	FALSE	TRUE	NA	1	TNC	1	0	6.52547481986069	D	D: Not approved / Experimental
F16SIP 131I	DGIdb|OpenTargets	2	CHEMBL2109584	2	FALSE	FALSE	TRUE	NA	1	TNC	1	0	6.52547481986069	D	D: Not approved / Experimental
FIRMONERTINIB	ChEMBL|DGIdb	2	CHEMBL4297258	3	FALSE	FALSE	FALSE	NA	1	EGFR	1	0	0.271894784160862	D	D: Not approved / Experimental
FULACIMSTAT	DGIdb|OpenTargets	2	CHEMBL4297596	2	FALSE	FALSE	FALSE	NA	1	CMA1	0	1	10.4407597117771	D	D: Not approved / Experimental
FUTUXIMAB	ChEMBL|DGIdb	2	CHEMBL2109388	3	FALSE	FALSE	FALSE	NA	1	EGFR	1	0	0.271894784160862	D	D: Not approved / Experimental
GLEMBATUMUMAB	DGIdb|OpenTargets	2	CHEMBL2108707	2	FALSE	FALSE	TRUE	NA	1	GPNMB	1	0	26.1018992794428	D	D: Not approved / Experimental
GLEMBATUMUMAB VEDOTIN	DGIdb|OpenTargets	2	CHEMBL1743028	2	FALSE	FALSE	TRUE	NA	1	GPNMB	1	0	1.63136870496517	D	D: Not approved / Experimental
GSK-2586881	DGIdb|OpenTargets	2	CHEMBL4297887	2	FALSE	FALSE	FALSE	NA	1	AGT	0	1	2.9002110310492	D	D: Not approved / Experimental
ICOTINIB	ChEMBL|DGIdb	2	CHEMBL2087361	3	FALSE	FALSE	FALSE	NA	1	EGFR	1	0	0.543789568321724	D	D: Not approved / Experimental
INDANTADOL	DGIdb|OpenTargets	2	CHEMBL3707400	2	FALSE	FALSE	FALSE	NA	1	MAOA	0	1	0.167319867175915	D	D: Not approved / Experimental
MIRIDESAP	DGIdb|OpenTargets	2	CHEMBL25263	2	FALSE	FALSE	FALSE	NA	1	APCS	0	1	13.0509496397214	D	D: Not approved / Experimental
MODOTUXIMAB	ChEMBL|DGIdb	2	CHEMBL3989988	3	FALSE	FALSE	FALSE	NA	1	EGFR	1	0	0.271894784160862	D	D: Not approved / Experimental
MOLIBRESIB	DGIdb|OpenTargets	2	CHEMBL1232461	2	FALSE	FALSE	TRUE	NA	1	BRD3	1	0	0.790966644831599	D	D: Not approved / Experimental
NAQUOTINIB	ChEMBL|DGIdb	2	CHEMBL3663929	3	FALSE	FALSE	FALSE	NA	1	EGFR	1	0	0.407842176241293	D	D: Not approved / Experimental
NIMOTUZUMAB	ChEMBL|DGIdb	2	CHEMBL2108359	3	FALSE	FALSE	FALSE	NA	1	EGFR	1	0	0.679736960402155	D	D: Not approved / Experimental
OZANEZUMAB	DGIdb|OpenTargets	2	CHEMBL2108679	2	FALSE	FALSE	FALSE	NA	1	RTN4	0	1	10.4407597117771	D	D: Not approved / Experimental
PABINAFUSP ALFA	DGIdb|OpenTargets	2	CHEMBL4594565	3	FALSE	FALSE	FALSE	NA	1	TFRC	1	0	8.70063309314759	D	D: Not approved / Experimental
PACTIMIBE	DGIdb|OpenTargets	2	CHEMBL478858	2	FALSE	FALSE	FALSE	NA	1	SOAT2	1	0	17.4012661862952	D	D: Not approved / Experimental
PELABRESIB	DGIdb|OpenTargets	2	CHEMBL4303404	3	FALSE	FALSE	TRUE	NA	1	BRD3	1	0	0.474579986898959	D	D: Not approved / Experimental
PETESICATIB	DGIdb|OpenTargets	2	CHEMBL4297638	2	FALSE	FALSE	FALSE	NA	1	CTSS	1	0	6.96050647451807	D	D: Not approved / Experimental
PHLOROGLUCINOL	DGIdb|OpenTargets	2	CHEMBL473159	3	FALSE	FALSE	FALSE	NA	1	CACNA2D1	0	1	0.0956113526719515	D	D: Not approved / Experimental
POLMACOXIB	ChEMBL|DGIdb	2	CHEMBL166863	3	FALSE	FALSE	FALSE	NA	1	CA2	0	1	1.33855893740732	D	D: Not approved / Experimental
PONEZUMAB	DGIdb|OpenTargets	2	CHEMBL1743058	2	FALSE	FALSE	FALSE	NA	1	APP	1	0	2.3728999344948	D	D: Not approved / Experimental
PYROTINIB	ChEMBL|DGIdb	2	CHEMBL3647420	3	FALSE	FALSE	FALSE	NA	1	EGFR	1	0	0.135947392080431	D	D: Not approved / Experimental
RINDOPEPIMUT	ChEMBL|DGIdb	2	CHEMBL2107863	3	FALSE	FALSE	FALSE	NA	1	EGFR	1	0	1.35947392080431	D	D: Not approved / Experimental
RO-6870810	DGIdb|OpenTargets	2	CHEMBL4297423	1	FALSE	FALSE	TRUE	NA	1	BRD3	1	0	0.593224983623699	D	D: Not approved / Experimental
ROCILETINIB	ChEMBL|DGIdb	2	CHEMBL3545308	3	FALSE	FALSE	FALSE	NA	1	EGFR	1	0	0.407842176241293	D	D: Not approved / Experimental
RUSERONTINIB	ChEMBL|DGIdb	2	CHEMBL3678958	3	FALSE	FALSE	FALSE	NA	1	EGFR	1	0	0.0906315947202874	D	D: Not approved / Experimental
SIMOTINIB	ChEMBL|DGIdb	2	CHEMBL3545235	3	FALSE	FALSE	FALSE	NA	1	EGFR	1	0	0.271894784160862	D	D: Not approved / Experimental
STX-100	DGIdb|OpenTargets	2	CHEMBL2109623	2	FALSE	FALSE	FALSE	NA	1	ITGB6	1	0	6.52547481986069	D	D: Not approved / Experimental
TENATUMOMAB	DGIdb|OpenTargets	2	CHEMBL1743077	2	FALSE	FALSE	TRUE	NA	1	TNC	1	0	6.52547481986069	D	D: Not approved / Experimental
TESEVATINIB	ChEMBL|DGIdb	2	CHEMBL3544983	3	FALSE	FALSE	FALSE	NA	1	EGFR	1	0	0.0906315947202874	D	D: Not approved / Experimental
ULODESINE	DGIdb|OpenTargets	2	CHEMBL269864	2	FALSE	FALSE	FALSE	NA	1	PNP	1	0	17.4012661862952	D	D: Not approved / Experimental
VANUTIDE CRIDIFICAR	DGIdb|OpenTargets	2	CHEMBL2108058	2	FALSE	FALSE	FALSE	NA	1	APP	1	0	0.790966644831599	D	D: Not approved / Experimental
VOLANESORSEN	DGIdb|OpenTargets	2	CHEMBL3544994	3	FALSE	FALSE	FALSE	NA	1	APOC3	0	1	0.932210688551527	D	D: Not approved / Experimental
ZALUTUMUMAB	ChEMBL|DGIdb	2	CHEMBL2107861	3	FALSE	FALSE	FALSE	NA	1	EGFR	1	0	0.815684352482586	D	D: Not approved / Experimental
